quarter,stock,date,open,high,low,close,volume,percent_change_price,percent_change_volume_over_last_wk,previous_weeks_volume,next_weeks_open,next_weeks_close,percent_change_next_weeks_price,days_to_next_dividend,percent_return_next_dividend
1,AA,1294358400,15.82,16.72,15.78,16.42,239655616,3.79267,0,0,16.71,15.97,-4.42849,26,0.182704
1,AA,1294963200,16.71,16.71,15.64,15.97,242963398,-4.42849,1.380223028,239655616,16.19,15.79,-2.47066,19,0.187852
1,AA,1295568000,16.19,16.38,15.6,15.79,138428495,-2.47066,-43.02495926,242963398,15.87,16.13,1.63831,12,0.189994
1,AA,1296172800,15.87,16.63,15.82,16.13,151379173,1.63831,9.355500109,138428495,16.18,17.14,5.93325,5,0.185989
1,AA,1296777600,16.18,17.39,16.18,17.14,154387761,5.93325,1.987451735,151379173,17.33,17.37,0.230814,97,0.175029
1,AA,1297382400,17.33,17.48,16.97,17.37,114691279,0.230814,-25.71219489,154387761,17.39,17.28,-0.632547,90,0.172712
1,AA,1297987200,17.39,17.68,17.28,17.28,80023895,-0.632547,-30.22669579,114691279,16.98,16.68,-1.76678,83,0.173611
1,AA,1298592000,16.98,17.15,15.96,16.68,132981863,-1.76678,66.17769355,80023895,16.81,16.58,-1.36823,76,0.179856
1,AA,1299196800,16.81,16.94,16.13,16.58,109493077,-1.36823,-17.66315005,132981863,16.58,16.03,-3.31725,69,0.180941
1,AA,1299801600,16.58,16.75,15.42,16.03,114332562,-3.31725,4.419900447,109493077,15.95,16.11,1.00313,62,0.187149
1,AA,1300406400,15.95,16.33,15.43,16.11,130374108,1.00313,14.03060136,114332562,16.38,17.09,4.33455,55,0.18622
1,AA,1301011200,16.38,17.24,16.26,17.09,95550392,4.33455,-26.71060729,130374108,17.13,17.47,1.98482,48,0.175541
1,AXP,1294358400,43.3,45.6,43.11,44.36,45102042,2.44804,0,0,44.2,46.25,4.63801,89,0.405771
1,AXP,1294963200,44.2,46.25,44.01,46.25,25913713,4.63801,-42.54425775,45102042,46.03,46,-0.0651749,82,0.389189
1,AXP,1295568000,46.03,46.71,44.71,46,38824728,-0.0651749,49.82309945,25913713,46.05,43.86,-4.7557,75,0.391304
1,AXP,1296172800,46.05,46.27,43.42,43.86,51427274,-4.7557,32.4601012,38824728,44.13,43.82,-0.70247,68,0.410397
1,AXP,1296777600,44.13,44.23,43.15,43.82,39501680,-0.70247,-23.18924001,51427274,43.96,46.75,6.34668,61,0.410771
1,AXP,1297382400,43.96,46.79,43.88,46.75,43746998,6.34668,10.74718341,39501680,46.42,45.53,-1.91728,54,0.385027
1,AXP,1297987200,46.42,46.93,45.53,45.53,28564910,-1.91728,-34.70429674,43746998,44.94,43.53,-3.13752,47,0.395344
1,AXP,1298592000,44.94,45.12,43.01,43.53,39654146,-3.13752,38.82118305,28564910,43.73,43.72,-0.0228676,40,0.413508
1,AXP,1299196800,43.73,44.68,42.75,43.72,38985037,-0.0228676,-1.687362023,39654146,43.86,44.28,0.957592,33,0.411711
1,AXP,1299801600,43.86,45.54,43.53,44.28,37613429,0.957592,-3.518293442,38985037,43.86,44.17,0.706794,26,0.406504
1,AXP,1300406400,43.86,44.47,42.19,44.17,41757526,0.706794,11.01759959,37613429,44.75,45.59,1.87709,19,0.407516
1,AXP,1301011200,44.75,45.61,44.1,45.59,30798332,1.87709,-26.24483548,41757526,45.54,45.36,-0.395257,12,0.394823
1,BA,1294358400,66.15,70.1,66,69.38,36258120,4.88284,0,0,69.42,70.07,0.93633,33,0.605362
1,BA,1294963200,69.42,70.5,68.35,70.07,18834664,0.93633,-48.05394212,36258120,70.86,71.68,1.15721,26,0.599401
1,BA,1295568000,70.86,72.99,70.23,71.68,29594221,1.15721,57.1263549,18834664,71.52,69.23,-3.2019,19,0.585938
1,BA,1296172800,71.52,72.82,69,69.23,34929673,-3.2019,18.02869553,29594221,69.26,71.38,3.06093,12,0.606673
1,BA,1296777600,69.26,71.64,69.12,71.38,22770062,3.06093,-34.81169434,34929673,71.43,72.14,0.99398,5,0.5884
1,BA,1297382400,71.43,72.99,71.15,72.14,21809411,0.99398,-4.218921319,22770062,72.7,73.04,0.467675,89,0.582201
1,BA,1297987200,72.7,73.04,71.09,73.04,15989248,0.467675,-26.68647494,21809411,72.35,72.3,-0.0691085,82,0.575027
1,BA,1298592000,72.35,74.29,70,72.3,26258425,-0.0691085,64.2255158,15989248,72.47,71.8,-0.92452,75,0.580913
1,BA,1299196800,72.47,72.9,68.6,71.8,27527285,-0.92452,4.832201474,26258425,71.6,71.64,0.0558659,68,0.584958
1,BA,1299801600,71.6,72.5,69.91,71.64,25556296,0.0558659,-7.160128578,27527285,71.17,69.1,-2.90853,61,0.586265
1,BA,1300406400,71.17,71.23,67.34,69.1,29746370,-2.90853,16.3954667,25556296,70.29,73.34,4.33917,54,0.607815
1,BA,1301011200,70.29,73.5,70.03,73.34,24423545,4.33917,-17.89403211,29746370,73.5,74.01,0.693878,47,0.572675
1,BAC,1294358400,13.85,14.69,13.8,14.25,1453438639,2.88809,0,0,14.17,15.25,7.62174,54,0.0701754
1,BAC,1294963200,14.17,15.25,14.09,15.25,760935694,7.62174,-47.64583288,1453438639,15.08,14.25,-5.50398,47,0.0655738
1,BAC,1295568000,15.08,15.16,13.94,14.25,982445809,-5.50398,29.11022794,760935694,14.25,13.6,-4.5614,40,0.0701754
1,BAC,1296172800,14.25,14.26,13.4,13.6,1054415375,-4.5614,7.325550716,982445809,13.71,14.29,4.23049,33,0.0735294
1,BAC,1296777600,13.71,14.47,13.64,14.29,757192224,4.23049,-28.18843105,1054415375,14.51,14.77,1.79187,26,0.069979
1,BAC,1297382400,14.51,14.87,14.35,14.77,746465458,1.79187,-1.416650312,757192224,14.77,14.75,-0.13541,19,0.0677048
1,BAC,1297987200,14.77,14.95,14.69,14.75,458423511,-0.13541,-38.58744486,746465458,14.38,14.2,-1.25174,12,0.0677966
1,BAC,1298592000,14.38,14.52,13.79,14.2,712456757,-1.25174,55.41453261,458423511,14.27,14.12,-1.05116,5,0.0704225
1,BAC,1299196800,14.27,14.48,13.81,14.12,699671790,-1.05116,-1.794490244,712456757,14.18,14.38,1.41044,89,0.0708215
1,BAC,1299801600,14.18,14.7,13.92,14.38,805210688,1.41044,15.08405791,699671790,14.26,14.04,-1.54278,82,0.069541
1,BAC,1300406400,14.26,14.35,13.66,14.04,792380862,-1.54278,-1.593350187,805210688,14.2,13.34,-6.05634,75,0.0712251
1,BAC,1301011200,14.2,14.22,13.32,13.34,717678994,-6.05634,-9.427520474,792380862,13.42,13.37,-0.372578,68,0.0749625
1,CAT,1294358400,94.38,94.81,92.3,93.73,24135903,-0.688705,0,0,93.21,94.01,0.858277,11,0.469433
1,CAT,1294963200,93.21,94.7,92.51,94.01,19707235,0.858277,-18.3488805,24135903,94.16,92.75,-1.49745,4,0.468035
1,CAT,1295568000,94.16,96.8,92.37,92.75,28651009,-1.49745,45.38320064,19707235,92.71,95.68,3.20354,89,0.474394
1,CAT,1296172800,92.71,97.79,92.51,95.68,34929068,3.20354,21.91217419,28651009,96.13,99.59,3.59929,82,0.459866
1,CAT,1296777600,96.13,99.72,95.85,99.59,31169285,3.59929,-10.76405188,34929068,99.62,103.54,3.93495,75,0.441811
1,CAT,1297382400,99.62,103.55,98.75,103.54,27632394,3.93495,-11.34736007,31169285,103.56,105.86,2.22093,68,0.424957
1,CAT,1297987200,103.56,105.86,102.01,105.86,16331886,2.22093,-40.89587026,27632394,104.86,102,-2.72745,61,0.415643
1,CAT,1298592000,104.86,105.3,98.03,102,28146727,-2.72745,72.34217163,16331886,102.72,103.04,0.311526,54,0.431373
1,CAT,1299196800,102.72,104.43,99.35,103.04,29851515,0.311526,6.05678948,28146727,103.42,100.02,-3.28757,47,0.427019
1,CAT,1299801600,103.42,104.45,97.01,100.02,38614049,-3.28757,29.35373297,29851515,102.59,105.06,2.40764,40,0.439912
1,CAT,1300406400,102.59,105.64,98.55,105.06,54195667,2.40764,40.35219927,38614049,106.9,109.09,2.04864,33,0.418808
1,CAT,1301011200,106.9,110.15,105.64,109.09,37837456,2.04864,-30.18361413,54195667,109.54,113.12,3.26821,26,0.403337
1,CSCO,1294358400,20.45,21,20.38,20.97,303545878,2.54279,0,0,20.94,21.21,1.2894,81,0.286123
1,CSCO,1294963200,20.94,21.23,20.7,21.21,154708263,1.2894,-49.03298835,303545878,21.22,20.72,-2.35627,74,0.282885
1,CSCO,1295568000,21.22,21.33,20.5,20.72,193706863,-2.35627,25.20783263,154708263,20.84,20.93,0.431862,67,0.289575
1,CSCO,1296172800,20.84,21.61,20.73,20.93,265687272,0.431862,37.15945212,193706863,20.93,22.05,5.35117,60,0.28667
1,CSCO,1296777600,20.93,22.15,20.71,22.05,236334561,5.35117,-11.04784237,265687272,22.11,18.7,-15.4229,53,0.272109
1,CSCO,1297382400,22.11,22.34,18.61,18.7,1000362015,-15.4229,323.2821517,236334561,18.84,18.85,0.0530786,46,0.320856
1,CSCO,1297987200,18.84,18.95,18.56,18.85,390258123,0.0530786,-60.98831052,1000362015,18.73,18.64,-0.480513,39,0.318302
1,CSCO,1298592000,18.73,18.74,18.23,18.64,285212201,-0.480513,-26.91703665,390258123,18.62,18.4,-1.18153,32,0.321888
1,CSCO,1299196800,18.62,18.79,18.31,18.4,302059981,-1.18153,5.907103532,285212201,18.36,17.95,-2.23312,25,0.326087
1,CSCO,1299801600,18.36,18.37,17.76,17.95,311209442,-2.23312,3.029021246,302059981,17.81,17.14,-3.76193,18,0.334262
1,CSCO,1300406400,17.81,17.88,16.97,17.14,444161658,-3.76193,42.72113826,311209442,17.34,17.28,-0.346021,11,0.350058
1,CSCO,1301011200,17.34,17.64,17.2,17.28,284574143,-0.346021,-35.93005207,444161658,17.36,17.04,-1.84332,4,0.347222
1,CVX,1294358400,91.66,92.48,90.27,91.19,35556288,-0.512765,0,0,90.95,92.83,2.06707,38,0.78956
1,CVX,1294963200,90.95,92.85,90.12,92.83,28260512,2.06707,-20.51894731,35556288,92.94,93.78,0.903809,31,0.775611
1,CVX,1295568000,92.94,93.94,91.58,93.78,27752622,0.903809,-1.797171969,28260512,93.89,93.37,-0.55384,24,0.767754
1,CVX,1296172800,93.89,94.97,92.93,93.37,42303108,-0.55384,52.42922993,27752622,93.85,97.11,3.47363,17,0.771126
1,CVX,1296777600,93.85,97.44,93.37,97.11,48766293,3.47363,15.27827459,42303108,97.28,96.45,-0.853207,10,0.741427
1,CVX,1297382400,97.28,98.23,95.7,96.45,38838595,-0.853207,-20.35770486,48766293,95.5,98.72,3.37173,3,0.746501
1,CVX,1297987200,95.5,98.72,95.5,98.72,28037827,3.37173,-27.80936849,38838595,99.23,102.1,2.89227,89,0.739465
1,CVX,1298592000,99.23,103.94,99.23,102.1,57897831,2.89227,106.4989951,28037827,102.28,103.75,1.43723,82,0.714985
1,CVX,1299196800,102.28,104.99,102.18,103.75,48214502,1.43723,-16.72485624,57897831,104.12,99.93,-4.0242,75,0.703614
1,CVX,1299801600,104.12,104.77,97.6,99.93,43673568,-4.0242,-9.418191232,48214502,99.16,102.8,3.67084,68,0.730511
1,CVX,1300406400,99.16,103.97,97.98,102.8,56186791,3.67084,28.6517076,43673568,103.86,106.78,2.81148,61,0.710117
1,CVX,1301011200,103.86,107.01,103.2,106.78,39606692,2.81148,-29.50889116,56186791,106.4,108.32,1.80451,54,0.683649
1,DD,1294358400,50.05,50.54,49.28,49.76,27658789,-0.579421,0,0,48.3,49.8,3.10559,35,0.823955
1,DD,1294963200,48.3,49.8,47.2,49.8,34546875,3.10559,24.90378736,27658789,49.53,48.35,-2.38239,28,0.823293
1,DD,1295568000,49.53,50.14,47.65,48.35,25611091,-2.38239,-25.8656796,34546875,48.44,50.29,3.81916,21,0.847983
1,DD,1296172800,48.44,50.66,48.26,50.29,45429653,3.81916,77.38273235,25611091,50.15,52.53,4.74576,14,0.815271
1,DD,1296777600,50.15,52.63,50.09,52.53,31069977,4.74576,-31.60859714,45429653,52.62,54.58,3.72482,7,0.780506
1,DD,1297382400,52.62,54.75,52.51,54.58,37155830,3.72482,19.58756841,31069977,54.44,55.98,2.8288,0,0.751191
1,DD,1297987200,54.44,55.98,53.8,55.98,27705910,2.8288,-25.43320927,37155830,54.95,54.07,-1.60146,82,0.732404
1,DD,1298592000,54.95,55.3,52.36,54.07,33190716,-1.60146,19.79651995,27705910,54.22,53.87,-0.645518,75,0.758276
1,DD,1299196800,54.22,54.95,52.76,53.87,32958368,-0.645518,-0.700039131,33190716,54.1,52.9,-2.21811,68,0.761092
1,DD,1299801600,54.1,54.49,51.82,52.9,27091813,-2.21811,-17.79989531,32958368,53.18,52.99,-0.357277,61,0.775047
1,DD,1300406400,53.18,53.5,51.1,52.99,39779608,-0.357277,46.83258001,27091813,53.8,54.1,0.557621,54,0.773731
1,DD,1301011200,53.8,54.64,52.89,54.1,24464568,0.557621,-38.49972579,39779608,54.11,55.19,1.99593,47,0.757856
1,DIS,1294358400,37.74,40,37.62,39.45,72917621,4.531,0,0,39.01,39.29,0.717765,336,1.01394
1,DIS,1294963200,39.01,39.81,38.92,39.29,31943413,0.717765,-56.1924641,72917621,39.07,39.74,1.71487,329,1.01807
1,DIS,1295568000,39.07,39.94,38.51,39.74,36187032,1.71487,13.28480147,31943413,39.64,38.85,-1.99294,322,1.00654
1,DIS,1296172800,39.64,39.95,38.65,38.85,42131642,-1.99294,16.42745943,36187032,39.04,40.71,4.27766,315,1.0296
1,DIS,1296777600,39.04,40.77,38.64,40.71,53521486,4.27766,27.0339428,42131642,40.8,43.41,6.39706,308,0.98256
1,DIS,1297382400,40.8,44.05,40.71,43.41,83975520,6.39706,56.90057634,53521486,43.19,43.56,0.85668,301,0.921447
1,DIS,1297987200,43.19,43.9,42.98,43.56,33868302,0.85668,-59.6688392,83975520,42.83,42.95,0.280177,294,0.918274
1,DIS,1298592000,42.83,43.28,41.6,42.95,56966763,0.280177,68.20082389,33868302,43.02,43.55,1.23199,287,0.931315
1,DIS,1299196800,43.02,44.34,42.97,43.55,53096584,1.23199,-6.79374919,56966763,43.53,42.93,-1.37836,280,0.918484
1,DIS,1299801600,43.53,43.61,42.16,42.93,41229388,-1.37836,-22.35020618,53096584,42.64,41.23,-3.30675,273,0.931749
1,DIS,1300406400,42.64,42.67,40.42,41.23,65060004,-3.30675,57.80007212,41229388,41.46,42.97,3.64206,266,0.970167
1,DIS,1301011200,41.46,43.24,40.87,42.97,40696371,3.64206,-37.44794267,65060004,43.19,42.85,-0.787219,259,0.930882
1,GE,1294358400,18.49,18.72,18.12,18.43,280146510,-0.3245,0,0,18.61,18.82,1.12843,38,0.759631
1,GE,1294963200,18.61,18.82,18.46,18.82,215626229,1.12843,-23.03090658,280146510,18.98,19.74,4.00421,31,0.74389
1,GE,1295568000,18.98,19.97,18.17,19.74,449508777,4.00421,108.4666504,215626229,19.93,20.2,1.35474,24,0.70922
1,GE,1296172800,19.93,20.74,19.74,20.2,437317986,1.35474,-2.712025131,449508777,20.13,20.56,2.13612,17,0.693069
1,GE,1296777600,20.13,20.96,20.1,20.56,246591055,2.13612,-43.61287144,437317986,20.77,21.33,2.6962,10,0.680934
1,GE,1297382400,20.77,21.44,20.73,21.33,252254376,2.6962,2.296644945,246591055,21.51,21.44,-0.32543,3,0.656353
1,GE,1297987200,21.51,21.65,21.24,21.44,158691572,-0.32543,-37.09065646,252254376,20.88,20.82,-0.287356,118,0.652985
1,GE,1298592000,20.88,21.21,20.08,20.82,268500170,-0.287356,69.1962381,158691572,20.95,20.37,-2.7685,111,0.67243
1,GE,1299196800,20.95,21.17,20.16,20.37,261175412,-2.7685,-2.728027323,268500170,20.4,20.36,-0.196078,104,0.687285
1,GE,1299801600,20.4,20.79,19.94,20.36,303566341,-0.196078,16.23082689,261175412,19.96,19.25,-3.55711,97,0.687623
1,GE,1300406400,19.96,20.09,18.6,19.25,520516218,-3.55711,71.46703956,303566341,19.68,19.75,0.355691,90,0.727273
1,GE,1301011200,19.68,19.93,19.25,19.75,227819072,0.355691,-56.23208958,520516218,19.81,20.34,2.67542,83,0.708861
1,HD,1294358400,35.2,35.57,34.18,34.38,56576860,-2.32955,0,0,34.16,35.89,5.0644,60,0.727167
1,HD,1294963200,34.16,35.89,34.07,35.89,41918450,5.0644,-25.9088433,56576860,35.97,36.51,1.50125,53,0.696573
1,HD,1295568000,35.97,36.99,35.48,36.51,45249920,1.50125,7.94750283,41918450,36.46,36.7,0.658256,46,0.684744
1,HD,1296172800,36.46,38.12,36.3,36.7,63397367,0.658256,40.10492615,45249920,37.13,36.8,-0.888769,39,0.681199
1,HD,1296777600,37.13,37.18,36.38,36.8,41844858,-0.888769,-33.99590554,63397367,36.8,37.48,1.84783,32,0.679348
1,HD,1297382400,36.8,37.48,36.41,37.48,36079400,1.84783,-13.77817556,41844858,37.47,38.48,2.69549,25,0.667022
1,HD,1297987200,37.47,38.48,37.27,38.48,30619613,2.69549,-15.13269899,36079400,39.3,37.08,-5.64885,18,0.649688
1,HD,1298592000,39.3,39.38,36.78,37.08,54816070,-5.64885,79.02273944,30619613,37.15,37.22,0.188425,11,0.674218
1,HD,1299196800,37.15,37.86,36.33,37.22,49763519,0.188425,-9.217280626,54816070,37.26,37.14,-0.322061,4,0.671682
1,HD,1299801600,37.26,37.78,36.54,37.14,49156185,-0.322061,-1.220440218,49763519,36.92,36,-2.49187,95,0.673129
1,HD,1300406400,36.92,36.94,35.43,36,52758908,-2.49187,7.329134676,49156185,36.29,37.42,3.11381,88,0.694444
1,HD,1301011200,36.29,37.82,36.03,37.42,40337534,3.11381,-23.54365257,52758908,37.46,37.56,0.266951,81,0.668092
1,HPQ,1294358400,42.22,45.39,42.22,45.09,100020724,6.79773,0,0,44.86,46.25,3.09853,66,0.177423
1,HPQ,1294963200,44.86,46.25,44.57,46.25,65464211,3.09853,-34.54935299,100020724,46.14,47.23,2.36238,59,0.172973
1,HPQ,1295568000,46.14,47.64,45.76,47.23,82623453,2.36238,26.21163799,65464211,46.69,45.51,-2.52731,52,0.169384
1,HPQ,1296172800,46.69,47.83,45.36,45.51,84066350,-2.52731,1.746352818,82623453,45.41,47.43,4.44836,45,0.175786
1,HPQ,1296777600,45.41,47.52,45.13,47.43,74475624,4.44836,-11.40851958,84066350,47.71,48.64,1.94928,38,0.16867
1,HPQ,1297382400,47.71,49.39,47.61,48.64,84089936,1.94928,12.90934065,74475624,48.45,48.67,0.454076,31,0.164474
1,HPQ,1297987200,48.45,49.12,47.54,48.67,49401750,0.454076,-41.25129314,84089936,47.57,42.68,-10.2796,24,0.164372
1,HPQ,1298592000,47.57,48.55,42.08,42.68,211147488,-10.2796,327.4089238,49401750,43.06,42.61,-1.04505,17,0.187441
1,HPQ,1299196800,43.06,43.85,42.06,42.61,110702335,-1.04505,-47.57108595,211147488,42.9,41.73,-2.72727,10,0.187749
1,HPQ,1299801600,42.9,43.05,41.26,41.73,85140794,-2.72727,-23.0903359,110702335,41.31,41.32,0.0242072,3,0.191709
1,HPQ,1300406400,41.31,42.15,40.1,41.32,121051768,0.0242072,42.1783405,85140794,41.85,42.53,1.62485,87,0.314618
1,HPQ,1301011200,41.85,43.28,41.35,42.53,78089358,1.62485,-35.49093971,121051768,42.42,40.98,-3.39463,80,0.305667
1,IBM,1294358400,147.21,148.86,146.64,147.93,23492843,0.489097,0,0,147,150,2.04082,32,0.439397
1,IBM,1294963200,147,150,146,150,15335348,2.04082,-34.72331978,23492843,149.82,155.5,3.79122,25,0.433333
1,IBM,1295568000,149.82,156.78,149.38,155.5,35770931,3.79122,133.2580324,15335348,155.42,159.21,2.43855,18,0.418006
1,IBM,1296172800,155.42,164.35,155.33,159.21,32510483,2.43855,-9.114797711,35770931,159.18,164,3.02802,11,0.408266
1,IBM,1296777600,159.18,164.2,158.68,164,25377163,3.02802,-21.94159958,32510483,164.08,163.85,-0.140176,4,0.396341
1,IBM,1297382400,164.08,166.25,163.18,163.85,26106753,-0.140176,2.874986459,25377163,164.18,164.84,0.401998,84,0.457736
1,IBM,1297987200,164.18,164.84,162.52,164.84,14352613,0.401998,-45.02337001,26106753,163.57,162.28,-0.788653,77,0.454987
1,IBM,1298592000,163.57,164.26,159.03,162.28,21443811,-0.788653,49.40701738,14352613,162.36,161.83,-0.326435,70,0.462164
1,IBM,1299196800,162.36,164.31,159.41,161.83,21549118,-0.326435,0.491083418,21443811,161.6,162.43,0.513614,63,0.463449
1,IBM,1299801600,161.6,167.72,158.85,162.43,31119857,0.513614,44.41359967,21549118,161.16,155.89,-3.27004,56,0.461737
1,IBM,1300406400,161.16,161.98,151.71,155.89,41827781,-3.27004,34.40865426,31119857,157.64,162.18,2.87998,49,0.481108
1,IBM,1301011200,157.64,162.74,157.07,162.18,25381792,2.87998,-39.31833965,41827781,161.54,164.27,1.68998,42,0.462449
1,INTC,1294358400,21.01,21.21,20.27,20.66,386719626,-1.66587,0,0,20.71,21.08,1.78658,27,0.871249
1,INTC,1294963200,20.71,21.33,20.57,21.08,274111012,1.78658,-29.11892917,386719626,21.03,20.82,-0.998573,20,0.85389
1,INTC,1295568000,21.03,21.2,20.62,20.82,218479469,-0.998573,-20.29526016,274111012,21.03,21.46,2.0447,13,0.864553
1,INTC,1296172800,21.03,21.94,20.93,21.46,325168191,2.0447,48.83237884,218479469,21.55,21.68,0.603248,6,0.83877
1,INTC,1296777600,21.55,21.71,21.03,21.68,277969054,0.603248,-14.51529956,325168191,21.74,21.76,0.0919963,89,0.830258
1,INTC,1297382400,21.74,21.86,21.35,21.76,236842359,0.0919963,-14.79542216,277969054,21.63,22.14,2.35784,82,0.827206
1,INTC,1297987200,21.63,22.14,21.28,22.14,201181541,2.35784,-15.05677369,236842359,21.95,21.86,-0.410023,75,0.813008
1,INTC,1298592000,21.95,22.19,21.01,21.86,256135777,-0.410023,27.31574464,201181541,21.75,21.56,-0.873563,68,0.823422
1,INTC,1299196800,21.75,22.08,21.35,21.56,291751623,-0.873563,13.90506489,256135777,21.69,20.87,-3.78054,61,0.834879
1,INTC,1299801600,21.69,21.74,20.61,20.87,289874871,-3.78054,-0.643270457,291751623,20.66,19.93,-3.5334,54,0.862482
1,INTC,1300406400,20.66,20.88,19.71,19.93,347426088,-3.5334,19.85381375,289874871,19.9,20.37,2.36181,47,0.903161
1,INTC,1301011200,19.9,20.6,19.88,20.37,229150771,2.36181,-34.04330333,347426088,20.44,19.72,-3.5225,40,0.883652
1,JNJ,1294358400,62.63,63.54,62.53,62.6,57774737,-0.0479004,0,0,62.29,62.55,0.417402,49,0.86262
1,JNJ,1294963200,62.29,62.98,62,62.55,34950419,0.417402,-39.50570645,57774737,62.21,62.66,0.723356,42,0.863309
1,JNJ,1295568000,62.21,63.25,62.01,62.66,47999880,0.723356,37.33706597,34950419,62.56,60.01,-4.07609,35,0.861794
1,JNJ,1296172800,62.56,62.72,60,60.01,86229071,-4.07609,79.64434703,47999880,60.16,60.84,1.13032,28,0.89985
1,JNJ,1296777600,60.16,60.99,59.69,60.84,63641929,1.13032,-26.19434692,86229071,60.88,60.7,-0.295664,21,0.887574
1,JNJ,1297382400,60.88,61.17,60.42,60.7,42897125,-0.295664,-32.596127,63641929,60.69,61.11,0.692042,14,0.889621
1,JNJ,1297987200,60.69,61.11,60.33,61.11,33273371,0.692042,-22.43449648,42897125,60.68,59.64,-1.71391,7,0.883652
1,JNJ,1298592000,60.68,61.08,59.36,59.64,46786798,-1.71391,40.61333912,33273371,59.93,61.06,1.88553,0,0.905433
1,JNJ,1299196800,59.93,61.5,59.77,61.06,63576642,1.88553,35.88585823,46786798,61.09,59.69,-2.2917,83,0.933508
1,JNJ,1299801600,61.09,61.1,59.11,59.69,53844149,-2.2917,-15.30828413,63576642,59.49,58.57,-1.54648,76,0.954934
1,JNJ,1300406400,59.49,59.49,57.5,58.57,71716802,-1.54648,33.19330574,53844149,58.67,58.98,0.528379,69,0.973194
1,JNJ,1301011200,58.67,59.16,58.5,58.98,47498000,0.528379,-33.77005294,71716802,58.98,59.49,0.8647,62,0.966429
1,JPM,1294358400,43,44.95,42.64,43.64,234547885,1.48837,0,0,43.27,44.91,3.79015,87,0.572869
1,JPM,1294963200,43.27,44.97,43,44.91,144662779,3.79015,-38.32271009,234547885,45.02,45.29,0.599733,80,0.556669
1,JPM,1295568000,45.02,45.54,43.6,45.29,182971761,0.599733,26.48157478,144662779,45.21,44.54,-1.48197,73,0.551998
1,JPM,1296172800,45.21,45.88,44.26,44.54,154832501,-1.48197,-15.37901797,182971761,44.41,44.59,0.405314,66,0.561293
1,JPM,1296777600,44.41,46,44.3,44.59,137430065,0.405314,-11.23952393,154832501,44.75,46.57,4.06704,59,0.560664
1,JPM,1297382400,44.75,46.89,44.65,46.57,162434145,4.06704,18.19403927,137430065,46,48,4.34783,52,0.536826
1,JPM,1297987200,46,48,46,48,131941706,4.34783,-18.77218549,162434145,47.2,46.68,-1.10169,45,0.520833
1,JPM,1298592000,47.2,47.27,45.21,46.68,139540125,-1.10169,5.758921292,131941706,46.81,45.52,-2.75582,38,0.535561
1,JPM,1299196800,46.81,47.18,45.07,45.52,139051830,-2.75582,-0.349931606,139540125,45.62,45.74,0.263043,31,0.549209
1,JPM,1299801600,45.62,47.1,44.76,45.74,140414285,0.263043,0.979818101,139051830,45.42,45.74,0.704535,24,0.546568
1,JPM,1300406400,45.42,46.18,43.4,45.74,226413618,0.704535,61.24685462,140414285,46.28,45.86,-0.907519,17,0.546568
1,JPM,1301011200,46.28,46.38,44.77,45.86,117959443,-0.907519,-47.9009063,226413618,46.1,46.35,0.542299,10,0.545137
1,KRFT,1294358400,31.76,31.76,31.14,31.19,44971770,-1.79471,0,0,30.91,31.34,1.39114,81,0.929785
1,KRFT,1294963200,30.91,31.72,30.89,31.34,24955086,1.39114,-44.50944226,44971770,31.41,31.35,-0.191022,74,0.925335
1,KRFT,1295568000,31.41,31.52,30.89,31.35,41200255,-0.191022,65.09762779,24955086,31.39,30.53,-2.73973,67,0.92504
1,KRFT,1296172800,31.39,31.77,30.5,30.53,55657855,-2.73973,35.09104495,41200255,30.53,31.19,2.16181,60,0.949885
1,KRFT,1296777600,30.53,31.22,30.21,31.19,34764359,2.16181,-37.53916855,55657855,31.18,30.66,-1.66774,53,0.929785
1,KRFT,1297382400,31.18,31.25,30.24,30.66,65912258,-1.66774,89.59721938,34764359,30.67,30.91,0.782524,46,0.945858
1,KRFT,1297987200,30.67,30.93,30.26,30.91,38172345,0.782524,-42.08612152,65912258,30.72,31.71,3.22266,39,0.938208
1,KRFT,1298592000,30.72,32.2,30.66,31.71,50462721,3.22266,32.19706832,38172345,31.82,31.58,-0.754243,32,0.914538
1,KRFT,1299196800,31.82,31.88,31.28,31.58,55211152,-0.754243,9.409779944,50462721,31.56,31.7,0.443599,25,0.918303
1,KRFT,1299801600,31.56,31.79,31.18,31.7,41766976,0.443599,-24.3504718,55211152,31.51,30.99,-1.65027,18,0.914827
1,KRFT,1300406400,31.51,31.6,30.45,30.99,51736270,-1.65027,23.86884317,41766976,30.78,31.26,1.55945,11,0.935786
1,KRFT,1301011200,30.78,31.49,30.43,31.26,41958399,1.55945,-18.899451,51736270,31.35,31.61,0.829346,4,0.927703
1,KO,1294358400,65.88,65.88,62.56,62.92,59802189,-4.49302,0,0,62.7,63.13,0.685805,63,0.74698
1,KO,1294963200,62.7,63.86,62.56,63.13,31297830,0.685805,-47.6644074,59802189,63.21,62.77,-0.696092,56,0.744496
1,KO,1295568000,63.21,63.92,62.72,62.77,36000586,-0.696092,15.02582128,31297830,62.87,62.21,-1.04979,49,0.748765
1,KO,1296172800,62.87,63.31,62.14,62.21,42141599,-1.04979,17.05809178,36000586,62.32,62.56,0.385109,42,0.755506
1,KO,1296777600,62.32,63.48,61.89,62.56,34863226,0.385109,-17.27123121,42141599,62.67,63.57,1.43609,35,0.751279
1,KO,1297382400,62.67,64.75,62.32,63.57,46269528,1.43609,32.71728784,34863226,63.67,64.55,1.38213,28,0.739342
1,KO,1297987200,63.67,64.72,62.55,64.55,29937386,1.38213,-35.29783576,46269528,63.36,64.31,1.49937,21,0.728118
1,KO,1298592000,63.36,64.4,63.33,64.31,32331825,1.49937,7.998156552,29937386,64.17,65.21,1.62069,14,0.730835
1,KO,1299196800,64.17,65.87,63.86,65.21,61665987,1.62069,90.72844481,32331825,65.32,64.81,-0.780772,7,0.720748
1,KO,1299801600,65.32,65.84,64.47,64.81,44560041,-0.780772,-27.73967763,61665987,64.34,62.7,-2.54896,0,0.725197
1,KO,1300406400,64.34,64.61,61.29,62.7,59542953,-2.54896,33.62409833,44560041,63.13,65.22,3.31063,87,0.749601
1,KO,1301011200,63.13,65.39,63.05,65.22,29853434,3.31063,-49.86235567,59542953,65.2,67.22,3.09816,80,0.720638
1,MCD,1294358400,77.1,77.59,73.59,74.37,85400677,-3.54086,0,0,74.25,74.06,-0.255892,49,0.820223
1,MCD,1294963200,74.25,74.49,72.46,74.06,44895850,-0.255892,-47.42916382,85400677,74.65,75.01,0.482251,42,0.823656
1,MCD,1295568000,74.65,75.75,74.31,75.01,40056497,0.482251,-10.77906533,44895850,74.25,73.28,-1.3064,35,0.813225
1,MCD,1296172800,74.25,75.85,73.05,73.28,46734907,-1.3064,16.67247638,40056497,73.8,74.05,0.338753,28,0.832424
1,MCD,1296777600,73.8,74.5,73.08,74.05,41519549,0.338753,-11.15944876,46734907,74.13,76.14,2.71145,21,0.823768
1,MCD,1297382400,74.13,76.32,73.3,76.14,39363816,2.71145,-5.192091561,41519549,76.07,76.13,0.0788747,14,0.801156
1,MCD,1297987200,76.07,76.45,75.7,76.13,16734140,0.0788747,-57.48852195,39363816,75.95,74.44,-1.98815,7,0.801261
1,MCD,1298592000,75.95,76.45,74.42,74.44,27881213,-1.98815,66.61276289,16734140,74.51,76.03,2.03999,0,0.819452
1,MCD,1299196800,74.51,76.63,73.64,76.03,41047787,2.03999,47.22382057,27881213,76.38,76.73,0.458235,84,0.802315
1,MCD,1299801600,76.38,77.25,74.97,76.73,34855064,0.458235,-15.08661843,41047787,76.1,72.99,-4.08673,77,0.794995
1,MCD,1300406400,76.1,76.41,72.89,72.99,40853280,-4.08673,17.20902306,34855064,73.5,75.25,2.38095,70,0.835731
1,MCD,1301011200,73.5,75.75,73.38,75.25,23877441,2.38095,-41.55318496,40853280,75.55,75.99,0.582396,63,0.810631
1,MMM,1294358400,86.75,87.9,85.63,86.23,16166921,-0.599424,0,0,85.7,88.1,2.80047,40,0.637829
1,MMM,1294963200,85.7,88.8,85.7,88.1,11585909,2.80047,-28.33571092,16166921,87.84,89.29,1.65073,33,0.624291
1,MMM,1295568000,87.84,89.39,87.25,89.29,10705548,1.65073,-7.598549238,11585909,89.21,87.44,-1.98408,26,0.61597
1,MMM,1296172800,89.21,90.5,87.2,87.44,26110543,-1.98408,143.8973045,10705548,87.93,88.29,0.409417,19,0.629003
1,MMM,1296777600,87.93,88.45,87.31,88.29,14960948,0.409417,-42.70150567,26110543,88.17,91.8,4.11705,12,0.622947
1,MMM,1297382400,88.17,91.95,87.81,91.8,16315175,4.11705,9.051745919,14960948,91.72,92.96,1.35194,5,0.599129
1,MMM,1297987200,91.72,92.96,91,92.96,13431331,1.35194,-17.6758386,16315175,92.73,90.25,-2.67443,89,0.591652
1,MMM,1298592000,92.73,93.65,89.27,90.25,17249356,-2.67443,28.42625947,13431331,91.9,92.19,0.31556,82,0.609418
1,MMM,1299196800,91.9,93.4,90.24,92.19,17453306,0.31556,1.182362982,17249356,92.58,91.61,-1.04774,75,0.596594
1,MMM,1299801600,92.58,94.16,89.71,91.61,18144593,-1.04774,3.960779694,17453306,91.21,88.98,-2.44491,68,0.600371
1,MMM,1300406400,91.21,91.21,86.91,88.98,23633329,-2.44491,30.24998136,18144593,90.27,92.27,2.21558,61,0.618116
1,MMM,1301011200,90.27,92.98,90.17,92.27,14970403,2.21558,-36.65554692,23633329,92.42,93.13,0.768232,54,0.596077
1,MRK,1294358400,36.29,37.35,35.85,37.35,72760487,2.92091,0,0,37.26,34.23,-8.13204,63,1.0174
1,MRK,1294963200,37.26,37.61,34.23,34.23,108158891,-8.13204,48.65058696,72760487,34.07,33.9,-0.498973,56,1.11014
1,MRK,1295568000,34.07,34.3,33.48,33.9,131132702,-0.498973,21.24079749,108158891,33.99,33.07,-2.70668,49,1.12094
1,MRK,1296172800,33.99,33.99,33,33.07,110066602,-2.70668,-16.06471893,131132702,33.29,32.89,-1.20156,42,1.14908
1,MRK,1296777600,33.29,34.04,32.51,32.89,114880019,-1.20156,4.373185792,110066602,32.94,33.07,0.394657,35,1.15537
1,MRK,1297382400,32.94,33.3,32.74,33.07,62039482,0.394657,-45.99628156,114880019,32.97,32.85,-0.363967,28,1.14908
1,MRK,1297987200,32.97,33.19,32.65,32.85,54419625,-0.363967,-12.28227051,62039482,32.75,32.19,-1.70992,21,1.15677
1,MRK,1298592000,32.75,32.8,31.85,32.19,57467917,-1.70992,5.601457195,54419625,32.2,33.06,2.67081,14,1.18049
1,MRK,1299196800,32.2,33.36,32.19,33.06,128028062,2.67081,122.7818036,57467917,33,32.73,-0.818182,7,1.14943
1,MRK,1299801600,33,33.48,32.45,32.73,91319466,-0.818182,-28.67230467,128028062,32.5,31.91,-1.81538,0,1.16101
1,MRK,1300406400,32.5,32.6,31.06,31.91,86394177,-1.81538,-5.393471092,91319466,32.09,32.57,1.49579,87,1.19085
1,MRK,1301011200,32.09,32.9,32.04,32.57,66135182,1.49579,-23.44949128,86394177,32.54,33.07,1.62876,80,1.16672
1,MSFT,1294358400,28.05,28.85,27.77,28.6,328646154,1.96078,0,0,28.2,28.3,0.35461,39,0.559441
1,MSFT,1294963200,28.2,28.5,28,28.3,227601331,0.35461,-30.74577985,328646154,28.16,28.02,-0.497159,32,0.565371
1,MSFT,1295568000,28.16,28.74,28.02,28.02,220040646,-0.497159,-3.321898412,227601331,28.02,27.75,-0.963597,25,0.571021
1,MSFT,1296172800,28.02,29.46,27.45,27.75,457318851,-0.963597,107.8338068,220040646,27.77,27.77,0,18,0.576577
1,MSFT,1296777600,27.77,28.11,27.42,27.77,274432773,0,-39.99093359,457318851,27.8,27.25,-1.97842,11,0.576161
1,MSFT,1297382400,27.8,28.34,27.07,27.25,317408348,-1.97842,15.65978237,274432773,27.2,27.06,-0.514706,4,0.587156
1,MSFT,1297987200,27.2,27.37,26.6,27.06,228916129,-0.514706,-27.87961298,317408348,26.78,26.55,-0.85885,88,0.591279
1,MSFT,1298592000,26.78,27.1,26.43,26.55,238628349,-0.85885,4.242697988,228916129,26.69,25.95,-2.77257,81,0.602637
1,MSFT,1299196800,26.69,26.86,25.8,25.95,298801508,-2.77257,25.2162659,238628349,26.13,25.68,-1.72216,74,0.61657
1,MSFT,1299801600,26.13,26.27,25.35,25.68,271799244,-1.72216,-9.036856668,298801508,25.49,24.8,-2.70694,67,0.623053
1,MSFT,1300406400,25.49,25.76,24.68,24.8,379216242,-2.70694,39.52071257,271799244,25.18,25.62,1.74742,60,0.645161
1,MSFT,1301011200,25.18,25.95,25.15,25.62,217545216,1.74742,-42.63293817,379216242,25.66,25.48,-0.701481,53,0.624512
1,PFE,1294358400,17.7,18.38,17.62,18.34,386804789,3.61582,0,0,18.22,18.34,0.658617,26,1.09051
1,PFE,1294963200,18.22,18.48,18.13,18.34,218359623,0.658617,-43.54784915,386804789,18.35,18.36,0.0544959,19,1.09051
1,PFE,1295568000,18.35,18.49,18.02,18.36,159663706,0.0544959,-26.88038942,218359623,18.33,18.15,-0.981997,12,1.08932
1,PFE,1296172800,18.33,18.76,18.14,18.15,277157388,-0.981997,73.58822173,159663706,18.19,19.3,6.10225,5,1.10193
1,PFE,1296777600,18.19,19.39,18.16,19.3,358819619,6.10225,29.46420862,277157388,19.27,18.83,-2.28334,96,1.03627
1,PFE,1297382400,19.27,19.3,18.62,18.83,180912039,-2.28334,-49.58134131,358819619,18.82,19.19,1.96599,89,1.06213
1,PFE,1297987200,18.82,19.39,18.72,19.19,153153528,1.96599,-15.34365051,180912039,18.88,18.86,-0.105932,82,1.04221
1,PFE,1298592000,18.88,19.13,18.67,18.86,177077740,-0.105932,15.6210649,153153528,18.95,19.66,3.7467,75,1.06045
1,PFE,1299196800,18.95,19.9,18.9,19.66,257979737,3.7467,45.68727667,177077740,19.64,19.47,-0.86558,68,1.01729
1,PFE,1299801600,19.64,19.75,19.3,19.47,195391037,-0.86558,-24.26109148,257979737,19.45,20.18,3.75321,61,1.02722
1,PFE,1300406400,19.45,20.29,19.15,20.18,457640533,3.75321,134.2177717,195391037,20.32,20.35,0.147638,54,0.99108
1,PFE,1301011200,20.32,20.5,19.74,20.35,215914627,0.147638,-52.82003856,457640533,20.42,20.38,-0.195886,47,0.982801
1,PG,1294358400,64.39,65.08,64,64.5,52323352,0.170834,0,0,64.4,65.53,1.75466,12,0.744186
1,PG,1294963200,64.4,65.53,63.4,65.53,41932473,1.75466,-19.85897043,52323352,65.65,65.91,0.39604,5,0.732489
1,PG,1295568000,65.65,65.95,65.05,65.91,46213962,0.39604,10.21043762,41932473,65.9,64.2,-2.57967,96,0.804127
1,PG,1296172800,65.9,66.95,63.14,64.2,70042160,-2.57967,51.56060413,46213962,64.35,63.61,-1.14996,89,0.825545
1,PG,1296777600,64.35,64.36,62.3,63.61,57201539,-1.14996,-18.33270276,70042160,63.95,64.73,1.2197,82,0.833202
1,PG,1297382400,63.95,64.97,63.8,64.73,51999812,1.2197,-9.093683651,57201539,64.8,64.3,-0.771605,75,0.818786
1,PG,1297987200,64.8,64.8,63.4,64.3,36098973,-0.771605,-30.57864709,51999812,63.73,62.84,-1.39652,68,0.824261
1,PG,1298592000,63.73,64.4,62.53,62.84,47748854,-1.39652,32.2720566,36098973,62.8,62.03,-1.22611,61,0.843412
1,PG,1299196800,62.8,63.65,61.56,62.03,59801160,-1.22611,25.2410372,47748854,62,61.49,-0.822581,54,0.854425
1,PG,1299801600,62,62.3,61.12,61.49,52731797,-0.822581,-11.82144795,59801160,61.04,60.6,-0.720839,47,0.861929
1,PG,1300406400,61.04,61.39,59.7,60.6,66311521,-0.720839,25.75243927,52731797,60.96,60.88,-0.131234,40,0.874587
1,PG,1301011200,60.96,61.52,60.54,60.88,41351155,-0.131234,-37.64106994,66311521,61.08,62.08,1.6372,33,0.870565
1,T,1294358400,29.68,30.1,28.66,28.85,157834347,-2.7965,0,0,28.54,28.43,-0.385424,30,1.49047
1,T,1294963200,28.54,28.61,27.71,28.43,170616350,-0.385424,8.098365941,157834347,28.55,28.33,-0.770578,23,1.51249
1,T,1295568000,28.55,28.59,28.15,28.33,130584257,-0.770578,-23.46322202,170616350,28.46,27.49,-3.40829,16,1.51783
1,T,1296172800,28.46,28.95,27.41,27.49,171464186,-3.40829,31.30540384,130584257,27.42,27.97,2.00584,9,1.56421
1,T,1296777600,27.42,28.06,27.2,27.97,118469916,2.00584,-30.90690321,171464186,27.97,28.47,1.78763,2,1.53736
1,T,1297382400,27.97,28.59,27.63,28.47,128889979,1.78763,8.795535062,118469916,28.4,28.57,0.598592,54,1.51036
1,T,1297987200,28.4,28.57,28,28.57,88244232,0.598592,-31.53522664,128889979,28.32,28.13,-0.670904,47,1.50508
1,T,1298592000,28.32,28.42,27.61,28.13,94960503,-0.670904,7.611002836,88244232,28.25,27.92,-1.16814,40,1.52862
1,T,1299196800,28.25,28.53,27.79,27.92,118740085,-1.16814,25.04155017,94960503,27.95,28.46,1.82469,33,1.54011
1,T,1299801600,27.95,28.89,27.73,28.46,139153253,1.82469,17.19147161,118740085,28.32,27.94,-1.34181,26,1.51089
1,T,1300406400,28.32,28.42,27.27,27.94,153806769,-1.34181,10.53048756,139153253,28.77,28.85,0.278067,19,1.53901
1,T,1301011200,28.77,29.1,27.95,28.85,169105318,0.278067,9.946603195,153806769,29.02,30.62,5.51344,12,1.49047
1,TRV,1294358400,56.09,56.34,52.88,53.33,20010115,-4.92066,0,0,53.12,54.63,2.84262,60,0.675042
1,TRV,1294963200,53.12,54.84,52.96,54.63,14820631,2.84262,-25.93430373,20010115,54.62,55,0.695716,53,0.658979
1,TRV,1295568000,54.62,55.24,54.07,55,13631048,0.695716,-8.026534093,14820631,55.14,55.81,1.21509,46,0.654545
1,TRV,1296172800,55.14,57.78,54.97,55.81,26595621,1.21509,95.11061072,13631048,55.81,57.41,2.86687,39,0.645046
1,TRV,1296777600,55.81,57.52,55.81,57.41,27494461,2.86687,3.379654117,26595621,57.32,58.99,2.91347,32,0.627068
1,TRV,1297382400,57.32,59.12,56.97,58.99,19539527,2.91347,-28.93286033,27494461,58.84,60.92,3.53501,25,0.610273
1,TRV,1297987200,58.84,60.92,58.53,60.92,14107769,3.53501,-27.79882031,19539527,60.6,59.6,-1.65016,18,0.590939
1,TRV,1298592000,60.6,61.15,59.05,59.6,20849299,-1.65016,47.78593979,14107769,59.6,59.18,-0.704698,11,0.604027
1,TRV,1299196800,59.6,60.02,58.53,59.18,20284170,-0.704698,-2.710541971,20849299,59.26,58.88,-0.641242,4,0.608314
1,TRV,1299801600,59.26,59.72,57.88,58.88,15980871,-0.641242,-21.21506081,20284170,58.47,58.06,-0.701214,89,0.696332
1,TRV,1300406400,58.47,59.51,57.51,58.06,24832210,-0.701214,55.38708747,15980871,58.44,58.98,0.924025,82,0.706166
1,TRV,1301011200,58.44,59.28,57.99,58.98,14126721,0.924025,-43.11130181,24832210,59.09,59.71,1.04925,75,0.695151
1,UTX,1294358400,79.19,79.75,78.4,79.08,15797841,-0.138906,0,0,78.27,79.08,1.03488,40,0.543753
1,UTX,1294963200,78.27,79.9,77.81,79.08,12713121,1.03488,-19.52621247,15797841,79.28,80.2,1.16044,33,0.543753
1,UTX,1295568000,79.28,80.5,78.98,80.2,16471934,1.16044,29.56640623,12713121,80.26,81.43,1.45776,26,0.53616
1,UTX,1296172800,80.26,83.08,80.26,81.43,23565688,1.45776,43.06570194,16471934,81.8,82.52,0.880196,19,0.528061
1,UTX,1296777600,81.8,82.6,80.66,82.52,15689029,0.880196,-33.42426922,23565688,82.85,85.2,2.83645,12,0.521086
1,UTX,1297382400,82.85,85.46,82.73,85.2,16641148,2.83645,6.06869297,15689029,85.07,85.01,-0.0705302,5,0.504695
1,UTX,1297987200,85.07,85.44,84.25,85.01,11922670,-0.0705302,-28.35428181,16641148,84.54,83.37,-1.38396,89,0.564639
1,UTX,1298592000,84.54,84.69,81.81,83.37,15551183,-1.38396,30.43372835,11922670,83.58,82.86,-0.86145,82,0.575747
1,UTX,1299196800,83.58,84.24,81.42,82.86,19167224,-0.86145,23.25251397,15551183,83.03,81.28,-2.10767,75,0.57929
1,UTX,1299801600,83.03,84.05,80.26,81.28,22004496,-2.10767,14.80272782,19167224,80.74,80.16,-0.718355,68,0.590551
1,UTX,1300406400,80.74,81.23,77.05,80.16,26234929,-0.718355,19.22531195,22004496,81.3,83.52,2.73063,61,0.598802
1,UTX,1301011200,81.3,83.59,80.57,83.52,19032729,2.73063,-27.4527139,26234929,83.75,85.32,1.87463,54,0.574713
1,VZ,1294358400,36.06,37.7,35.41,35.93,141938064,-0.36051,0,0,36.55,35.46,-2.98222,89,1.36376
1,VZ,1294963200,36.55,36.58,34.98,35.46,130610954,-2.98222,-7.980318796,141938064,35.38,34.95,-1.21538,82,1.38184
1,VZ,1295568000,35.38,35.51,34.35,34.95,108296302,-1.21538,-17.08482429,130610954,34.88,35.63,2.15023,75,1.402
1,VZ,1296172800,34.88,36.59,34.88,35.63,124127036,2.15023,14.61798206,108296302,35.64,36.31,1.87991,68,1.37525
1,VZ,1296777600,35.64,36.48,35.38,36.31,72890565,1.87991,-41.2774466,124127036,36.3,36.39,0.247934,61,1.34949
1,VZ,1297382400,36.3,36.77,35.77,36.39,78429505,0.247934,7.598980746,72890565,36.31,36.62,0.853759,54,1.34652
1,VZ,1297987200,36.31,36.62,35.66,36.62,68915874,0.853759,-12.13016836,78429505,36.24,35.97,-0.745033,47,1.33807
1,VZ,1298592000,36.24,36.32,35.34,35.97,57673647,-0.745033,-16.31297167,68915874,36.06,36.08,0.0554631,40,1.36225
1,VZ,1299196800,36.06,36.94,35.85,36.08,80086312,0.0554631,38.86118906,57673647,36.13,35.85,-0.774979,33,1.35809
1,VZ,1299801600,36.13,36.65,35.65,35.85,66137992,-0.774979,-17.41660922,80086312,35.74,35.84,0.279799,26,1.36681
1,VZ,1300406400,35.74,35.84,33.36,35.84,124202175,0.279799,87.7924794,66137992,36.66,37.29,1.71849,19,1.36719
1,VZ,1301011200,36.66,37.32,36.37,37.29,79604168,1.71849,-35.90758938,124202175,37.44,38.47,2.75107,12,1.31403
1,WMT,1294358400,54.23,55.07,53.76,54.08,64231179,-0.2766,0,0,53.65,54.81,2.16216,61,0.684172
1,WMT,1294963200,53.65,55.36,53.54,54.81,48929455,2.16216,-23.82289137,64231179,55.11,55.73,1.12502,54,0.675059
1,WMT,1295568000,55.11,56.27,54.71,55.73,53009787,1.12502,8.339214079,48929455,55.39,56.7,2.36505,47,0.663915
1,WMT,1296172800,55.39,57.9,55.3,56.7,69546259,2.36505,31.19513006,53009787,56.45,56.03,-0.744021,40,0.652557
1,WMT,1296777600,56.45,56.58,55.39,56.03,60981950,-0.744021,-12.31455023,69546259,56.07,55.69,-0.677724,33,0.660361
1,WMT,1297382400,56.07,56.73,55.3,55.69,49477410,-0.677724,-18.86548397,60981950,55.26,55.38,0.217155,26,0.664392
1,WMT,1297987200,55.26,55.38,54.35,55.38,51556658,0.217155,4.202418841,49477410,53.81,51.75,-3.82828,19,0.668111
1,WMT,1298592000,53.81,54.01,51.52,51.75,92696912,-3.82828,79.79620013,51556658,51.75,52.07,0.618357,12,0.714976
1,WMT,1299196800,51.75,52.6,51.68,52.07,74964203,0.618357,-19.12977317,92696912,52.26,52.59,0.631458,5,0.710582
1,WMT,1299801600,52.26,53.88,51.75,52.59,69185186,0.631458,-7.709035471,74964203,52.35,51.52,-1.58548,61,0.703556
1,WMT,1300406400,52.35,52.52,50.97,51.52,63198175,-1.58548,-8.653602521,69185186,51.73,52.35,1.19853,54,0.718168
1,WMT,1301011200,51.73,52.95,51.38,52.35,53385178,1.19853,-15.52734236,63198175,52.31,52.13,-0.344102,47,0.706781
1,XOM,1294358400,73.72,75.9,73.64,75.59,101740933,2.53663,0,0,75.13,77.84,3.60708,52,0.582088
1,XOM,1294963200,75.13,77.84,74.58,77.84,74376886,3.60708,-26.89580899,101740933,77.79,78.98,1.52976,45,0.565262
1,XOM,1295568000,77.79,79.1,76.77,78.98,99941187,1.52976,34.37129782,74376886,78.85,78.99,0.177552,38,0.557103
1,XOM,1296172800,78.85,79.98,77.93,78.99,115376817,0.177552,15.4447135,99941187,79.92,83.28,4.2042,31,0.557033
1,XOM,1296777600,79.92,83.98,79.01,83.28,129743696,4.2042,12.45213672,115376817,83.45,82.82,-0.754943,24,0.528338
1,XOM,1297382400,83.45,84,81.61,82.82,85733429,-0.754943,-33.920929,129743696,82,84.5,3.04878,17,0.531273
1,XOM,1297987200,82,85.1,81.8,84.5,93325562,3.04878,8.855510725,85733429,84.97,85.34,0.435448,10,0.52071
1,XOM,1298592000,84.97,88.23,84.73,85.34,122018405,0.435448,30.74489174,93325562,85.87,85.08,-0.919995,3,0.515585
1,XOM,1299196800,85.87,86.56,83.55,85.08,102134160,-0.919995,-16.29610303,122018405,85.84,82.12,-4.33364,68,0.552421
1,XOM,1299801600,85.84,86.08,80.1,82.12,92727886,-4.33364,-9.209723759,102134160,81.67,80.85,-1.00404,61,0.572333
1,XOM,1300406400,81.67,82.64,78.8,80.85,123914255,-1.00404,33.63213629,92727886,81.87,83.62,2.13754,54,0.581323
1,XOM,1301011200,81.87,83.93,81.86,83.62,83364516,2.13754,-32.72403082,123914255,83.86,84.68,0.97782,47,0.562066